{
  "accuracy": 0.9341749323715058,
  "precision_macro": 0.9423269423269424,
  "recall_macro": 0.9238658697737441,
  "f1_macro": 0.9308263802553948,
  "classification_report": {
    "nonskin": {
      "precision": 0.972972972972973,
      "recall": 0.8646288209606987,
      "f1-score": 0.915606936416185,
      "support": 458.0
    },
    "skin": {
      "precision": 0.9116809116809117,
      "recall": 0.9831029185867896,
      "f1-score": 0.9460458240946046,
      "support": 651.0
    },
    "accuracy": 0.9341749323715058,
    "macro avg": {
      "precision": 0.9423269423269424,
      "recall": 0.9238658697737441,
      "f1-score": 0.9308263802553948,
      "support": 1109.0
    },
    "weighted avg": {
      "precision": 0.9369935934408432,
      "recall": 0.9341749323715058,
      "f1-score": 0.9334750300849417,
      "support": 1109.0
    }
  },
  "confusion_matrix": [
    [
      396,
      62
    ],
    [
      11,
      640
    ]
  ],
  "idx_to_class": {
    "0": "nonskin",
    "1": "skin"
  }
}