{
  "train_loss": [
    0.3349339407281715,
    0.23541151851165196,
    0.20591846377659245,
    0.17923980966961683,
    0.16011257864096584,
    0.1590485346480077,
    0.13238867666541027,
    0.11915242841013339
  ],
  "train_acc": [
    0.863607575412558,
    0.9058509433970732,
    0.9143238177820414,
    0.9295549102190162,
    0.9383521791265792,
    0.9388104506901332,
    0.9508259186223775,
    0.9537789380850912
  ],
  "val_loss": [
    0.6974936058123906,
    1.0206923544406892,
    0.6944229061404864,
    0.7773375784357389,
    0.628944090505441,
    0.7389775070051352,
    0.45553846632440886,
    0.4955868039280176
  ],
  "val_acc": [
    0.6792559524377187,
    0.6916666666666667,
    0.7527976195017497,
    0.761130952835083,
    0.7380654772122701,
    0.801577381292979,
    0.7866964300473531,
    0.8802083333333334
  ],
  "class_map": {
    "nonskin": 0,
    "skin": 1
  }
}